questionType,contentBody,subjectiveAnswer,tagRelationships,difficultyLevel
subjective,"What is software testing, and what are the different types of software testing?","Software testing is the process of evaluating a software product or application to identify defects or errors. The different types of software testing include :
- unit testing, 
- integration testing, 
- system testing, and 
- acceptance testing.",6484a72ed93a4d171f3d3e4c,0
subjective,What is Agile methodology?,"Agile methodology is an iterative approach to project management that emphasizes collaboration, customer feedback, and flexibility.",,0
subjective,"What is version control, and why is it important?What is your experience with version control systems?","Version control is a system that records changes to a file or set of files over time, allowing you to track changes and revert to previous versions if necessary. It is important because it helps maintain the integrity and stability of software code.I have experience with Git. I have used these tools to manage code repositories, track changes, and collaborate with team members.",6484a726d93a4d171f3d3e3f,0
subjective,Can you describe the software development lifecycle?,"The software development lifecycle (SDLC) consists of several stages: planning, analysis, design, implementation, testing, deployment, and maintenance. In the planning stage, the requirements and objectives of the project are defined. In the analysis stage, the requirements are analyzed and documented. In the design stage, the architecture and design of the system are created. In the implementation stage, the code is written and tested. In the testing stage, the software is tested for bugs and defects. In the deployment stage, the software is released to the users. Finally, in the maintenance stage, the software is monitored and updated as needed.",6484a735d93a4d171f3d3e5b,0
subjective,How do you handle test automation and manual testing?,"I believe in a balanced approach to testing, where both manual and automated testing play a role. For instance, I use manual testing for exploratory testing, usability testing, and ad-hoc testing, where human intuition and creativity are valuable. On the other hand, I use test automation for repetitive, regression, and load testing, where consistency and speed are essential. I also use continuous integration and continuous delivery (CI/CD) pipelines to automate the testing process and ensure fast feedback and deployment.",6484a72ed93a4d171f3d3e4c,0
subjective,How do you find elements on a web page using Selenium?,"To find elements on a web page using Selenium, we can use different locators like ID, name, class name, tag name, link text, partial link text, CSS selector, or XPath. We can use the findElement() method to find a single element or the findElements() method to find multiple elements.
Example code to find an element by ID using Java:
WebElement element = driver.findElement(By.id(""elementID""));
",6484a71964b22dc6cc2ef705,0
subjective,How do you handle multiple windows and frames in Selenium?,"To handle multiple windows in Selenium, we can use the getWindowHandles() method to get the handles of all the windows opened by the browser, switch to the desired window using the switchTo() method, and perform actions on the elements of that window.
Example code to switch to a new window using Java:
String mainWindowHandle = driver.getWindowHandle();
Set<String> allWindowHandles = driver.getWindowHandles();
for (String handle : allWindowHandles) {
    if (!handle.equals(mainWindowHandle)) {
        driver.switchTo().window(handle);
        break;
    }
}
To handle frames, we can use the switchTo() method and pass the frame's ID, name, or index.
Example code to switch to a frame by ID using Java:
driver.switchTo().frame(""frameID"");",6484a71964b22dc6cc2ef705,0
subjective,"What is version control, and why is it important?How can version control help you to build collaborative projects?","Version control is a system that tracks changes made to files or code over time. It allows developers to collaborate on projects and keep track of the changes they make to the code.

Version control is important because it provides several benefits to developers, such as:

1. Backup and Restore: Version control keeps a record of all changes made to a file, making it easy to revert to a previous version in case of errors or mistakes.
2. Collaboration: With version control, multiple developers can work on the same codebase simultaneously. Each developer can make changes to their own copy of the code, and the system will merge the changes into a single version.
3. Accountability: Version control provides a detailed history of who made changes to a file, what changes were made, and when they were made. This helps developers keep track of who did what, and when.
4. Experimentation: Developers can create new branches of code to experiment with new features or ideas without affecting the main codebase. This allows for easy testing and exploration without disrupting the stability of the main code.
5. Documentation: Version control provides a clear record of the history of the code, including who made changes and when. This documentation can be useful for understanding why certain decisions were made or for troubleshooting issues.

In terms of collaboration, version control allows multiple developers to work on the same codebase without interfering with each other's work. Each developer can create a local copy of the code, make changes, and then push those changes to a shared repository. The version control system will then merge those changes with the main codebase, keeping track of who made what changes and when. This makes it easy for developers to work on different parts of the same project without stepping on each other's toes, and it allows for easy collaboration across different teams or locations. Additionally, version control provides tools for resolving conflicts that may arise when two developers make conflicting changes to the same file, making it easier to maintain a consistent and stable codebase.",6484a726d93a4d171f3d3e3f,0
subjective,How would you automate the login functionality of a web application using Selenium?,"To automate the login functionality of a web application using Selenium, you can use the following steps:

Launch the web browser and navigate to the login page.
Find the username and password fields using their respective locators and enter the username and password.
Click on the login button using its locator.
Verify that the user has been logged in successfully by checking for the presence of a logout button or any other element that appears only after a successful login.",6484a71964b22dc6cc2ef705,0
subjective,How do you take screenshots using Selenium WebDriver?,"To take a screenshot using Selenium WebDriver, you can use the getScreenshotAs() method of the TakesScreenshot interface. For example, to take a screenshot and save it to a file, you can use the following code:

File screenshotFile = ((TakesScreenshot)driver).getScreenshotAs(OutputType.FILE);
FileUtils.copyFile(screenshotFile, new File(""path/to/screenshot.png""));

This code takes a screenshot and saves it to a file named screenshot.png at the specified path.",6484a71964b22dc6cc2ef705,0
subjective,"How do you interact with forms in Cypress?
How do you handle pop-ups and alerts in Cypress?","You can interact with forms in Cypress using the type method. Here's an example of filling out a login form:
cy.get('#username').type('myusername')
cy.get('#password').type('mypassword')
cy.get('#loginButton').click()

You can handle pop-ups and alerts in Cypress using the window command. Here's an example of handling a pop-up:
cy.window().then((win) => {
  // do something with the window object
})
",6484a710d93a4d171f3d3e20,0.5
subjective,Explain oops concept with examples,"Object-Oriented Programming (OOP) is a programming paradigm that focuses on organizing code into objects that have their own data and behavior. There are four main concepts in OOP that form the foundation of object-oriented programming. These concepts are:

1. Encapsulation: Encapsulation is the idea of bundling data and behavior that operates on that data within a single unit or object. This means that the object's internal state cannot be accessed from outside the object's methods or properties.
Example:
A car object might have a speed property and a method to change the speed. However, the speed property cannot be directly accessed from outside the car object.

2. Abstraction: Abstraction is the idea of hiding unnecessary details while only exposing what is necessary. This means that the user of an object only needs to know how to use the object and not how it is implemented.
Example:
A file reader object might have a method to read a file. The user of the object doesn't need to know how the method reads the file, only that it works.

3. Inheritance: Inheritance is the idea of creating new classes based on existing classes. The new class inherits all the properties and methods of the existing class.
Example:
A car object might be a subclass of a vehicle object. The car object would inherit all the properties and methods of the vehicle object.

4. Polymorphism: Polymorphism is the idea of using a single interface to represent multiple different types. This means that objects of different classes can be used interchangeably if they share a common interface.
Example:
An animal object might have a method to make a sound. A dog object and a cat object might both inherit from the animal object and implement the make sound method differently. However, they can both be called using the same method name and be treated as interchangeable.",,0
subjective,"What is API testing?
Why is API testing important?","- API testing is a type of software testing that involves testing application programming interfaces (APIs) to ensure they are working as expected. This involves checking that API endpoints are correctly implemented and can handle expected inputs and outputs, as well as testing for errors and performance issues.
- API testing is important because APIs are the backbone of many modern applications and systems, and errors in APIs can cause significant issues such as security vulnerabilities, system downtime, or data corruption. By testing APIs thoroughly, you can catch and fix issues early on in the development process, saving time and resources in the long run.- ",6484a705d93a4d171f3d3e13,0
subjective,"What tools do you use for API testing?
How do you test API performance?","- There are many tools available for API testing, including open-source tools like Postman, SoapUI, and REST-Assured, as well as commercial tools like ReadyAPI and Parasoft SOAtest. The choice of tool depends on the specific needs and requirements of the project.
- API performance can be tested using tools like Apache JMeter or LoadRunner, which simulate high volumes of API requests to test the system's response time, scalability, and stability under heavy loads. Performance testing should be done in conjunction with other types of testing, such as functional testing, to ensure the API is working correctly in all scenarios.",6484a705d93a4d171f3d3e13,0
subjective,"What is API documentation?
How do you ensure API security?","- API documentation is a set of documents or resources that describe the API's functionality, usage, inputs and outputs, and any other relevant information for developers or users who interact with the API. Good API documentation helps ensure that the API is used correctly and efficiently and can save time and resources for both the API provider and users.
- API security can be ensured by implementing appropriate authentication and authorization mechanisms, such as OAuth or API keys, encrypting data in transit using SSL/TLS, and properly handling and validating input data to prevent attacks like SQL injection or cross-site scripting. Additionally, security testing should be done as part of the overall testing process to catch any vulnerabilities or issues before they can be exploited.",6484a705d93a4d171f3d3e13,0
subjective,What is the difference between SOAP and REST APIs?,"SOAP (Simple Object Access Protocol) and REST (Representational State Transfer) are two different types of APIs. SOAP is an XML-based protocol for exchanging structured data, while REST is a lightweight protocol that uses HTTP requests to perform CRUD (Create, Read, Update, Delete) operations on resources. REST APIs are typically easier to use and more scalable than SOAP APIs, but SOAP APIs provide more advanced features like transaction management and security.",6484a705d93a4d171f3d3e13,0